id,name,address,note,status
1,Rạp Phạm Công ty Hợp danh Center,"86 Vũ Đường
Thị xã JanePhường, 247613",Tại trong nhưng.,Hoạt động
2,Rạp Đặng Công ty Cổ phần Galaxy,"313 Jane Đường
Thành phố JohnPhường, 182992",Cũng cũng và thay nào đã từng.,Đóng cửa
3,Rạp Vũ và đối tác Doanh nghiệp tư nhân Star,"2 Hoàng Dãy
JaneQuận, 359334",,Hoạt động
4,Rạp Mai và Bùi Công ty TNHH Center,"56 Hoàng Ngõ
Quận JaneXã, 110184",,Đóng cửa
5,Rạp Mai Vũ Công ty TNHH Center,"979 Trần Dãy
Quận JanePhường, 211938",,Đang bảo trì
